"Part";"Value";"Device";"Package";"Description";"";
"BUTTON";"EH_B2B-EH";"EH_B2B-EH";"B2B-EH";"JST EH Connector, through hole, 2 pin, top entry";"";
"CON1";"EH_B10B-EH";"EH_B10B-EH";"B10B-EH";"JST EH Connector, through hole, 10 pin, top entry";"";
"DC_JACK_24V";"WE_694106301002";"WE_694106301002";"WE_694106301002";"WE 694106301002, DC Power Jack";"";
"DS2482-100_L";"Left";"DS2482-100";"SOIC127P600X175-8N";"DS2482-100";"";
"DS2482-100_R";"Right";"DS2482-100";"SOIC127P600X175-8N";"DS2482-100";"";
"I2C";"EH_B4B-EH";"EH_B4B-EH";"B4B-EH";"JST EH Connector, through hole, 4 pin, top entry";"";
"M1";"ARDUINO-NANO-3.0";"ARDUINO-NANO-3.0";"ARDUINO-NANO-3.0";"Arduino Nano 3.0 and compatible devices";"";
"R_SNS_L";"120Ω";"R1206";"R1206";"Standard Chip RESISTOR 1206 (3216 Metric)";"";
"R_SNS_R";"120Ω";"R1206";"R1206";"Standard Chip RESISTOR 1206 (3216 Metric)";"";
"U$1";"DMG4496SSS";"DMG4496SSS";"SOIC127P600X175-8N";"";"";
"U$2";"DMG4496SSS";"DMG4496SSS";"SOIC127P600X175-8N";"";"";
"U$5";"DC-DC-STEP-DOWN-LM2596";"DC-DC-STEP-DOWN-LM2596";"DC-DC-STEP-DOWN-LM2596";"DC/DC Step-Down Regulator based on LM2596-ADJ chip";"";
